timeStamp,elapsed,label,responseCode,responseMessage,threadName,dataType,success,failureMessage,bytes,sentBytes,grpThreads,allThreads,URL,Latency,IdleTime,Connect
1715822004029,1054,conf #2,200,OK,conf #2 2-4,text,false,"The operation lasted too long: It took 1,054 milliseconds, but should not have lasted longer than 640 milliseconds.",231,157,9,27,http://localhost:8080/?token=492641228&user=2109710255&config=2,1054,0,27
1715822004029,1056,conf #2,200,OK,conf #2 2-3,text,false,"The operation lasted too long: It took 1,056 milliseconds, but should not have lasted longer than 640 milliseconds.",231,157,9,27,http://localhost:8080/?token=492641228&user=2109710255&config=2,1056,0,29
1715822004028,1057,conf #2,200,OK,conf #2 2-1,text,false,"The operation lasted too long: It took 1,057 milliseconds, but should not have lasted longer than 640 milliseconds.",231,157,9,27,http://localhost:8080/?token=492641228&user=2109710255&config=2,1057,0,30
1715822004028,1062,conf #2,200,OK,conf #2 2-6,text,false,"The operation lasted too long: It took 1,062 milliseconds, but should not have lasted longer than 640 milliseconds.",231,157,9,27,http://localhost:8080/?token=492641228&user=2109710255&config=2,1062,0,30
1715822004028,1070,conf #2,200,OK,conf #2 2-2,text,false,"The operation lasted too long: It took 1,070 milliseconds, but should not have lasted longer than 640 milliseconds.",231,157,9,27,http://localhost:8080/?token=492641228&user=2109710255&config=2,1070,0,30
1715822004028,1070,conf #2,200,OK,conf #2 2-5,text,false,"The operation lasted too long: It took 1,070 milliseconds, but should not have lasted longer than 640 milliseconds.",231,157,9,27,http://localhost:8080/?token=492641228&user=2109710255&config=2,1070,0,29
1715822004029,1069,conf #2,200,OK,conf #2 2-8,text,false,"The operation lasted too long: It took 1,069 milliseconds, but should not have lasted longer than 640 milliseconds.",231,157,9,27,http://localhost:8080/?token=492641228&user=2109710255&config=2,1069,0,29
1715822004029,1071,conf #2,200,OK,conf #2 2-7,text,false,"The operation lasted too long: It took 1,071 milliseconds, but should not have lasted longer than 640 milliseconds.",231,157,9,27,http://localhost:8080/?token=492641228&user=2109710255&config=2,1071,0,29
1715822004029,1073,conf #2,200,OK,conf #2 2-9,text,false,"The operation lasted too long: It took 1,073 milliseconds, but should not have lasted longer than 640 milliseconds.",231,157,9,27,http://localhost:8080/?token=492641228&user=2109710255&config=2,1073,0,29
1715822006942,939,conf #2,200,OK,conf #2 2-9,text,false,"The operation lasted too long: It took 939 milliseconds, but should not have lasted longer than 640 milliseconds.",231,157,9,27,http://localhost:8080/?token=492641228&user=2109710255&config=2,939,0,0
1715822006943,940,conf #2,200,OK,conf #2 2-7,text,false,"The operation lasted too long: It took 940 milliseconds, but should not have lasted longer than 640 milliseconds.",231,157,9,27,http://localhost:8080/?token=492641228&user=2109710255&config=2,940,0,0
1715822006943,942,conf #2,200,OK,conf #2 2-4,text,false,"The operation lasted too long: It took 942 milliseconds, but should not have lasted longer than 640 milliseconds.",231,157,9,27,http://localhost:8080/?token=492641228&user=2109710255&config=2,942,0,0
1715822006943,944,conf #2,200,OK,conf #2 2-6,text,false,"The operation lasted too long: It took 944 milliseconds, but should not have lasted longer than 640 milliseconds.",231,157,9,27,http://localhost:8080/?token=492641228&user=2109710255&config=2,944,0,0
1715822006944,945,conf #2,200,OK,conf #2 2-1,text,false,"The operation lasted too long: It took 945 milliseconds, but should not have lasted longer than 640 milliseconds.",231,157,9,27,http://localhost:8080/?token=492641228&user=2109710255&config=2,945,0,0
1715822006944,946,conf #2,200,OK,conf #2 2-8,text,false,"The operation lasted too long: It took 946 milliseconds, but should not have lasted longer than 640 milliseconds.",231,157,9,27,http://localhost:8080/?token=492641228&user=2109710255&config=2,946,0,0
1715822006944,947,conf #2,200,OK,conf #2 2-3,text,false,"The operation lasted too long: It took 947 milliseconds, but should not have lasted longer than 640 milliseconds.",231,157,9,27,http://localhost:8080/?token=492641228&user=2109710255&config=2,947,0,0
1715822006944,949,conf #2,200,OK,conf #2 2-2,text,false,"The operation lasted too long: It took 949 milliseconds, but should not have lasted longer than 640 milliseconds.",231,157,9,27,http://localhost:8080/?token=492641228&user=2109710255&config=2,949,0,0
1715822006945,959,conf #2,200,OK,conf #2 2-5,text,false,"The operation lasted too long: It took 959 milliseconds, but should not have lasted longer than 640 milliseconds.",231,157,9,27,http://localhost:8080/?token=492641228&user=2109710255&config=2,959,0,0
1715822009942,967,conf #2,200,OK,conf #2 2-1,text,false,"The operation lasted too long: It took 967 milliseconds, but should not have lasted longer than 640 milliseconds.",231,157,9,27,http://localhost:8080/?token=492641228&user=2109710255&config=2,967,0,0
1715822009943,969,conf #2,200,OK,conf #2 2-2,text,false,"The operation lasted too long: It took 969 milliseconds, but should not have lasted longer than 640 milliseconds.",231,157,9,27,http://localhost:8080/?token=492641228&user=2109710255&config=2,969,0,0
1715822009942,973,conf #2,200,OK,conf #2 2-5,text,false,"The operation lasted too long: It took 973 milliseconds, but should not have lasted longer than 640 milliseconds.",231,157,9,27,http://localhost:8080/?token=492641228&user=2109710255&config=2,973,0,0
1715822009943,979,conf #2,200,OK,conf #2 2-3,text,false,"The operation lasted too long: It took 979 milliseconds, but should not have lasted longer than 640 milliseconds.",231,157,9,27,http://localhost:8080/?token=492641228&user=2109710255&config=2,979,0,0
1715822009942,980,conf #2,200,OK,conf #2 2-4,text,false,"The operation lasted too long: It took 980 milliseconds, but should not have lasted longer than 640 milliseconds.",231,157,9,27,http://localhost:8080/?token=492641228&user=2109710255&config=2,980,0,0
1715822009943,979,conf #2,200,OK,conf #2 2-8,text,false,"The operation lasted too long: It took 979 milliseconds, but should not have lasted longer than 640 milliseconds.",231,157,9,27,http://localhost:8080/?token=492641228&user=2109710255&config=2,979,0,0
1715822009942,984,conf #2,200,OK,conf #2 2-9,text,false,"The operation lasted too long: It took 984 milliseconds, but should not have lasted longer than 640 milliseconds.",231,157,9,27,http://localhost:8080/?token=492641228&user=2109710255&config=2,984,0,0
1715822009943,985,conf #2,200,OK,conf #2 2-7,text,false,"The operation lasted too long: It took 985 milliseconds, but should not have lasted longer than 640 milliseconds.",231,157,9,27,http://localhost:8080/?token=492641228&user=2109710255&config=2,985,0,0
1715822009946,991,conf #2,200,OK,conf #2 2-6,text,false,"The operation lasted too long: It took 991 milliseconds, but should not have lasted longer than 640 milliseconds.",231,157,9,27,http://localhost:8080/?token=492641228&user=2109710255&config=2,991,0,0
1715822012942,997,conf #2,200,OK,conf #2 2-2,text,false,"The operation lasted too long: It took 997 milliseconds, but should not have lasted longer than 640 milliseconds.",231,157,9,27,http://localhost:8080/?token=492641228&user=2109710255&config=2,997,0,0
1715822012942,998,conf #2,200,OK,conf #2 2-1,text,false,"The operation lasted too long: It took 998 milliseconds, but should not have lasted longer than 640 milliseconds.",231,157,9,27,http://localhost:8080/?token=492641228&user=2109710255&config=2,998,0,0
1715822012944,1010,conf #2,200,OK,conf #2 2-4,text,false,"The operation lasted too long: It took 1,010 milliseconds, but should not have lasted longer than 640 milliseconds.",231,157,9,27,http://localhost:8080/?token=492641228&user=2109710255&config=2,1010,0,0
1715822012944,1010,conf #2,200,OK,conf #2 2-8,text,false,"The operation lasted too long: It took 1,010 milliseconds, but should not have lasted longer than 640 milliseconds.",231,157,9,27,http://localhost:8080/?token=492641228&user=2109710255&config=2,1010,0,0
1715822012944,1012,conf #2,200,OK,conf #2 2-6,text,false,"The operation lasted too long: It took 1,012 milliseconds, but should not have lasted longer than 640 milliseconds.",231,157,9,27,http://localhost:8080/?token=492641228&user=2109710255&config=2,1012,0,0
1715822012944,1015,conf #2,200,OK,conf #2 2-7,text,false,"The operation lasted too long: It took 1,015 milliseconds, but should not have lasted longer than 640 milliseconds.",231,157,9,27,http://localhost:8080/?token=492641228&user=2109710255&config=2,1015,0,0
1715822012942,1027,conf #2,200,OK,conf #2 2-9,text,false,"The operation lasted too long: It took 1,027 milliseconds, but should not have lasted longer than 640 milliseconds.",231,157,9,27,http://localhost:8080/?token=492641228&user=2109710255&config=2,1027,0,0
1715822012944,1030,conf #2,200,OK,conf #2 2-3,text,false,"The operation lasted too long: It took 1,030 milliseconds, but should not have lasted longer than 640 milliseconds.",231,157,9,27,http://localhost:8080/?token=492641228&user=2109710255&config=2,1030,0,0
1715822012945,1030,conf #2,200,OK,conf #2 2-5,text,false,"The operation lasted too long: It took 1,030 milliseconds, but should not have lasted longer than 640 milliseconds.",231,157,9,27,http://localhost:8080/?token=492641228&user=2109710255&config=2,1030,0,0
1715822015942,1004,conf #2,200,OK,conf #2 2-4,text,false,"The operation lasted too long: It took 1,004 milliseconds, but should not have lasted longer than 640 milliseconds.",231,157,9,18,http://localhost:8080/?token=492641228&user=2109710255&config=2,1004,0,0
1715822015942,1005,conf #2,200,OK,conf #2 2-9,text,false,"The operation lasted too long: It took 1,005 milliseconds, but should not have lasted longer than 640 milliseconds.",231,157,8,17,http://localhost:8080/?token=492641228&user=2109710255&config=2,1005,0,0
1715822015943,1013,conf #2,200,OK,conf #2 2-6,text,false,"The operation lasted too long: It took 1,013 milliseconds, but should not have lasted longer than 640 milliseconds.",231,157,7,16,http://localhost:8080/?token=492641228&user=2109710255&config=2,1013,0,0
1715822015942,1020,conf #2,200,OK,conf #2 2-2,text,false,"The operation lasted too long: It took 1,020 milliseconds, but should not have lasted longer than 640 milliseconds.",231,157,6,15,http://localhost:8080/?token=492641228&user=2109710255&config=2,1020,0,0
1715822015942,1021,conf #2,200,OK,conf #2 2-8,text,false,"The operation lasted too long: It took 1,021 milliseconds, but should not have lasted longer than 640 milliseconds.",231,157,5,14,http://localhost:8080/?token=492641228&user=2109710255&config=2,1021,0,0
1715822015942,1037,conf #2,200,OK,conf #2 2-1,text,false,"The operation lasted too long: It took 1,037 milliseconds, but should not have lasted longer than 640 milliseconds.",231,157,4,13,http://localhost:8080/?token=492641228&user=2109710255&config=2,1037,0,0
1715822015941,1038,conf #2,200,OK,conf #2 2-3,text,false,"The operation lasted too long: It took 1,038 milliseconds, but should not have lasted longer than 640 milliseconds.",231,157,4,13,http://localhost:8080/?token=492641228&user=2109710255&config=2,1038,0,0
1715822015943,1036,conf #2,200,OK,conf #2 2-7,text,false,"The operation lasted too long: It took 1,036 milliseconds, but should not have lasted longer than 640 milliseconds.",231,157,4,13,http://localhost:8080/?token=492641228&user=2109710255&config=2,1036,0,0
1715822015942,1037,conf #2,200,OK,conf #2 2-5,text,false,"The operation lasted too long: It took 1,037 milliseconds, but should not have lasted longer than 640 milliseconds.",231,157,4,13,http://localhost:8080/?token=492641228&user=2109710255&config=2,1037,0,0
